province,electoral_district,electoral_district_number_numero_de_circonscription,population,electors_electeurs,polling_stations_bureaux_de_scrutin,valid_ballots_bulletins_valides,percentage_of_valid_ballots_pourcentage_des_bulletins_valides,rejected_ballots_bulletins_rejetes,percentage_of_rejected_ballots_pourcentage_des_bulletins_rejetes,total_ballots_cast_total_des_bulletins_deposes,percentage_of_voter_turnout_pourcentage_de_la_participation_electorale,party,elected_party
Newfoundland and Labrador/Terre-Neuve-et-Labrador,Avalon,10001,86494,70903,230,37144,99.3,273,0.7,37417,52.8,Libéral,Liberal
Newfoundland and Labrador/Terre-Neuve-et-Labrador,Bonavista--Burin--Trinity,10002,74116,59605,273,29991,98.4,482,1.6,30473,51.1,Libéral,Liberal
Newfoundland and Labrador/Terre-Neuve-et-Labrador,Coast of Bays--Central--Notre Dame,10003,77680,63631,244,31834,97.9,695,2.1,32529,51.1,Conservateur,Conservative
Newfoundland and Labrador/Terre-Neuve-et-Labrador,Labrador,10004,27197,20239,87,9653,99,94,1,9747,48.2,Libéral,Liberal
Newfoundland and Labrador/Terre-Neuve-et-Labrador,Long Range Mountains,10005,86553,70208,263,36447,98.8,461,1.2,36908,52.6,Libéral,Liberal
Newfoundland and Labrador/Terre-Neuve-et-Labrador,St. John's East/St. John's-Est,10006,85697,66963,179,38171,99.2,296,0.8,38467,57.4,Libéral,Liberal
Newfoundland and Labrador/Terre-Neuve-et-Labrador,St. John's South--Mount Pearl/St. John's-Sud--Mount Pearl,10007,81979,66677,205,34676,98.8,414,1.2,35090,52.6,Libéral,Liberal
Prince Edward Island/Île-du-Prince-Édouard,Cardigan,11001,36615,30843,93,22094,99.1,199,0.9,22293,72.3,Libéral,Liberal
Prince Edward Island/Île-du-Prince-Édouard,Charlottetown,11002,36094,27383,71,19100,99,198,1,19298,70.5,Libéral,Liberal
Prince Edward Island/Île-du-Prince-Édouard,Egmont,11003,34168,28729,97,19561,98.8,244,1.2,19805,68.9,Libéral,Liberal
Prince Edward Island/Île-du-Prince-Édouard,Malpeque,11004,36030,32009,87,23707,99.3,174,0.7,23881,74.6,Libéral,Liberal
Nova Scotia/Nouvelle-Écosse,Cape Breton--Canso,12001,71913,60651,212,39360,99.1,350,0.9,39710,65.5,Libéral,Liberal
Nova Scotia/Nouvelle-Écosse,Central Nova/Nova-Centre,12002,71962,62193,230,40474,99.4,236,0.6,40710,65.5,Libéral,Liberal
Nova Scotia/Nouvelle-Écosse,Cumberland--Colchester,12003,80590,67768,216,40417,99.3,279,0.7,40696,60.1,Conservateur,Conservative
Nova Scotia/Nouvelle-Écosse,Dartmouth--Cole Harbour,12004,92301,75898,207,45628,98.3,796,1.7,46424,61.2,Libéral,Liberal
Nova Scotia/Nouvelle-Écosse,Halifax,12005,94610,78065,182,51248,99.4,322,0.6,51570,66.1,Libéral,Liberal
Nova Scotia/Nouvelle-Écosse,Halifax West/Halifax-Ouest,12006,96255,79173,259,51031,99.6,191,0.4,51222,64.7,Libéral,Liberal
Nova Scotia/Nouvelle-Écosse,Kings--Hants,12007,83465,72312,226,44956,99.4,251,0.6,45207,62.5,Libéral,Liberal
Nova Scotia/Nouvelle-Écosse,Sackville--Preston--Chezzetcook,12008,86498,72440,196,45606,99.5,252,0.5,45858,63.3,Libéral,Liberal
Nova Scotia/Nouvelle-Écosse,South Shore--St. Margarets,12009,91830,80138,268,50004,99.2,400,0.8,50404,62.9,Conservateur,Conservative
Nova Scotia/Nouvelle-Écosse,Sydney--Victoria,12010,72148,59786,203,36312,98.7,472,1.3,36784,61.5,Libéral,Liberal
Nova Scotia/Nouvelle-Écosse,West Nova/Nova-Ouest,12011,82026,70823,241,43871,99.4,284,0.6,44155,62.3,Conservateur,Conservative
New Brunswick/Nouveau-Brunswick,Acadie--Bathurst,13001,77791,67137,216,42922,98.8,511,1.2,43433,64.7,Libéral,Liberal
New Brunswick/Nouveau-Brunswick,Beauséjour,13002,82292,73081,200,49145,99.4,294,0.6,49439,67.6,Libéral,Liberal
New Brunswick/Nouveau-Brunswick,Fredericton,13003,83303,66921,152,44062,99.3,301,0.7,44363,66.3,Libéral,Liberal
New Brunswick/Nouveau-Brunswick,Fundy Royal,13004,79943,67030,198,44382,99.5,213,0.5,44595,66.5,Conservateur,Conservative
New Brunswick/Nouveau-Brunswick,Madawaska--Restigouche,13005,60378,50308,142,30546,98.7,400,1.3,30946,61.5,Libéral,Liberal
New Brunswick/Nouveau-Brunswick,Miramichi--Grand Lake,13006,57405,48932,156,32503,99.1,306,0.9,32809,67.1,Conservateur,Conservative
New Brunswick/Nouveau-Brunswick,Moncton--Riverview--Dieppe,13007,92666,74843,185,45762,99.3,331,0.7,46093,61.6,Libéral,Liberal
New Brunswick/Nouveau-Brunswick,New Brunswick Southwest/Nouveau-Brunswick-Sud-Ouest,13008,65287,55006,174,36629,99.4,239,0.6,36868,67,Conservateur,Conservative
New Brunswick/Nouveau-Brunswick,Saint John--Rothesay,13009,79363,63664,161,37450,99.4,214,0.6,37664,59.2,Libéral,Liberal
New Brunswick/Nouveau-Brunswick,Tobique--Mactaquac,13010,68673,56052,176,34400,99.2,291,0.8,34691,61.9,Conservateur,Conservative
Quebec/Québec,Abitibi--Baie-James--Nunavik--Eeyou,24001,87787,65543,197,28436,97.1,856,2.9,29292,44.7,Bloc Québécois,Bloc Québécois
Quebec/Québec,Abitibi--Témiscamingue,24002,103491,82560,261,45685,98,909,2,46594,56.4,Bloc Québécois,Bloc Québécois
Quebec/Québec,Ahuntsic-Cartierville,24003,117447,80359,232,50409,98,1054,2,51463,64,Libéral,Liberal
Quebec/Québec,Alfred-Pellan,24004,101373,78760,217,51256,97.8,1176,2.2,52432,66.6,Libéral,Liberal
Quebec/Québec,Argenteuil--La Petite-Nation,24005,95781,84531,251,50613,98.2,933,1.8,51546,61,Libéral,Liberal
Quebec/Québec,Avignon--La Mitis--Matane--Matapédia,24006,71897,59750,204,33075,98,680,2,33755,56.5,Bloc Québécois,Bloc Québécois
Quebec/Québec,Beauce,24007,108746,86857,269,56980,98.5,895,1.5,57875,66.6,Conservateur,Conservative
Quebec/Québec,Beauport--Limoilou,24008,96029,76771,206,48644,97.7,1134,2.3,49778,64.8,Bloc Québécois,Bloc Québécois
Quebec/Québec,Beauport-Côte-de-Beaupré-Île d'Orléans-Charlevoix,24020,93674,77752,219,50136,98.2,902,1.8,51038,65.6,Bloc Québécois,Bloc Québécois
Quebec/Québec,Bécancour--Nicolet--Saurel,24009,94588,80573,241,50007,97.9,1080,2.1,51087,63.4,Bloc Québécois,Bloc Québécois
Quebec/Québec,Bellechasse--Les Etchemins--Lévis,24010,114966,96457,323,63182,98.2,1138,1.8,64320,66.7,Conservateur,Conservative
Quebec/Québec,Beloeil--Chambly,24011,117343,96547,288,65324,98.3,1109,1.7,66433,68.8,Bloc Québécois,Bloc Québécois
Quebec/Québec,Berthier--Maskinongé,24012,100371,86347,272,54945,98.2,998,1.8,55943,64.8,Bloc Québécois,Bloc Québécois
Quebec/Québec,Bourassa,24015,101032,67391,196,36932,97.1,1086,2.9,38018,56.4,Libéral,Liberal
Quebec/Québec,Brome--Missisquoi,24016,103457,94728,277,61471,98.2,1115,1.8,62586,66.1,Libéral,Liberal
Quebec/Québec,Brossard--Saint-Lambert,24017,107582,83125,232,52356,98.6,744,1.4,53100,63.9,Libéral,Liberal
Quebec/Québec,Charlesbourg--Haute-Saint-Charles,24019,107254,85196,239,57349,98.1,1136,1.9,58485,68.6,Conservateur,Conservative
Quebec/Québec,Châteauguay--Lacolle,24021,97887,79854,220,48683,97.9,1061,2.1,49744,62.3,Libéral,Liberal
Quebec/Québec,Chicoutimi--Le Fjord,24022,81639,65579,158,42006,98.1,797,1.9,42803,65.3,Conservateur,Conservative
Quebec/Québec,Compton--Stanstead,24023,105459,87358,273,57796,98.3,1009,1.7,58805,67.3,Libéral,Liberal
Quebec/Québec,Dorval--Lachine--LaSalle,24024,112866,82780,234,48141,98.4,786,1.6,48927,59.1,Libéral,Liberal
Quebec/Québec,Drummond,24025,103397,85569,234,51189,97.5,1289,2.5,52478,61.3,Bloc Québécois,Bloc Québécois
Quebec/Québec,Gaspésie--Les Îles-de-la-Madeleine,24026,75850,65618,221,36858,97.9,778,2.1,37636,57.4,Libéral,Liberal
Quebec/Québec,Gatineau,24027,107464,83791,221,52497,98.5,818,1.5,53315,63.6,Libéral,Liberal
Quebec/Québec,Hochelaga,24028,106496,78928,221,47706,98.2,867,1.8,48573,61.5,Libéral,Liberal
Quebec/Québec,Honoré-Mercier,24029,103592,77284,217,48409,98,971,2,49380,63.9,Libéral,Liberal
Quebec/Québec,Hull--Aylmer,24030,105419,78060,211,51249,98.7,666,1.3,51915,66.5,Libéral,Liberal
Quebec/Québec,Joliette,24031,104136,92518,270,56198,97.7,1332,2.3,57530,62.2,Bloc Québécois,Bloc Québécois
Quebec/Québec,Jonquière,24032,89818,74067,221,45474,97.5,1188,2.5,46662,63,Bloc Québécois,Bloc Québécois
Quebec/Québec,La Pointe-de-l'Île,24033,106336,84099,260,51080,97.6,1239,2.4,52319,62.2,Bloc Québécois,Bloc Québécois
Quebec/Québec,La Prairie,24034,105496,88603,194,59140,98.5,924,1.5,60064,67.8,Bloc Québécois,Bloc Québécois
Quebec/Québec,Lac-Saint-Jean,24035,104911,84774,302,50197,97.6,1215,2.4,51412,60.6,Bloc Québécois,Bloc Québécois
Quebec/Québec,Lac-Saint-Louis,24036,108579,83712,231,57725,99.1,524,0.9,58249,69.6,Libéral,Liberal
Quebec/Québec,LaSalle--Émard--Verdun,24037,106766,79869,207,47360,97.9,1036,2.1,48396,60.6,Libéral,Liberal
Quebec/Québec,Laurentides--Labelle,24038,113815,105659,294,64123,98,1293,2,65416,61.9,Bloc Québécois,Bloc Québécois
Quebec/Québec,Laurier--Sainte-Marie,24039,111835,80295,174,44676,98.8,551,1.2,45227,56.3,Libéral,Liberal
Quebec/Québec,Laval--Les Îles,24040,108003,83150,220,50597,98.4,819,1.6,51416,61.8,Libéral,Liberal
Quebec/Québec,Lévis--Lotbinière,24042,113528,91754,296,63407,98.4,1006,1.6,64413,70.2,Conservateur,Conservative
Quebec/Québec,Longueuil--Charles-LeMoyne,24041,106583,82139,228,47970,97.7,1150,2.3,49120,59.8,Libéral,Liberal
Quebec/Québec,Longueuil--Saint-Hubert,24043,108703,86312,231,57235,98,1144,2,58379,67.6,Bloc Québécois,Bloc Québécois
Quebec/Québec,Louis-Hébert,24044,103346,81932,242,59800,98.6,861,1.4,60661,74,Libéral,Liberal
Quebec/Québec,Louis-Saint-Laurent,24045,117238,96412,253,64098,98.1,1232,1.9,65330,67.8,Conservateur,Conservative
Quebec/Québec,Manicouagan,24046,92518,71686,258,35000,97.5,904,2.5,35904,50.1,Bloc Québécois,Bloc Québécois
Quebec/Québec,Marc-Aurèle-Fortin,24065,101750,78967,168,52127,98.2,946,1.8,53073,67.2,Libéral,Liberal
Quebec/Québec,Mégantic--L'Érable,24047,87233,72179,241,46428,98.3,785,1.7,47213,65.4,Conservateur,Conservative
Quebec/Québec,Mirabel,24048,117652,101412,266,63112,97.8,1402,2.2,64514,63.6,Bloc Québécois,Bloc Québécois
Quebec/Québec,Montarville,24049,97811,78356,214,57472,98.2,1033,1.8,58505,74.7,Bloc Québécois,Bloc Québécois
Quebec/Québec,Montcalm,24050,107981,92739,234,51452,97.5,1337,2.5,52789,56.9,Bloc Québécois,Bloc Québécois
Quebec/Québec,Montmagny--L'Islet--Kamouraska--Rivière-du-Loup,24051,95527,78696,268,47812,98,956,2,48768,62,Conservateur,Conservative
Quebec/Québec,Mount Royal/Mont-Royal,24052,103320,71167,191,40362,98.9,440,1.1,40802,57.3,Libéral,Liberal
Quebec/Québec,Notre-Dame-de-Grâce--Westmount,24053,104974,73595,212,45591,99,446,1,46037,62.6,Libéral,Liberal
Quebec/Québec,Outremont,24054,102088,65724,165,36820,98.8,456,1.2,37276,56.7,Libéral,Liberal
Quebec/Québec,Papineau,24055,110750,72972,210,45423,98.1,894,1.9,46317,63.5,Libéral,Liberal
Quebec/Québec,Pierre-Boucher--Les Patriotes--Verchères,24014,99787,81490,237,55246,98.3,964,1.7,56210,69,Bloc Québécois,Bloc Québécois
Quebec/Québec,Pierrefonds--Dollard,24056,108587,81898,231,52306,98.8,615,1.2,52921,64.6,Libéral,Liberal
Quebec/Québec,Pontiac,24057,115531,96102,251,62007,98.8,723,1.2,62730,65.3,Libéral,Liberal
Quebec/Québec,Portneuf--Jacques-Cartier,24058,115313,96383,282,65216,98.4,1034,1.6,66250,68.7,Conservateur,Conservative
Quebec/Québec,Québec,24059,97143,77647,239,51191,98,1026,2,52217,67.2,Libéral,Liberal
Quebec/Québec,Repentigny,24060,116066,92920,268,59701,97.5,1557,2.5,61258,65.9,Bloc Québécois,Bloc Québécois
Quebec/Québec,Richmond--Arthabaska,24061,107242,88101,277,57159,98.1,1125,1.9,58284,66.2,Conservateur,Conservative
Quebec/Québec,Rimouski-Neigette--Témiscouata--Les Basques,24018,84918,70608,247,42138,98,881,2,43019,60.9,Bloc Québécois,Bloc Québécois
Quebec/Québec,Rivière-des-Mille-Îles,24062,102346,83247,233,53366,98.1,1061,1.9,54427,65.4,Bloc Québécois,Bloc Québécois
Quebec/Québec,Rivière-du-Nord,24063,112156,99384,241,57329,97.7,1327,2.3,58656,59,Bloc Québécois,Bloc Québécois
Quebec/Québec,Rosemont--La Petite-Patrie,24064,110677,82719,231,54988,98.1,1062,1.9,56050,67.8,NPD-Nouveau Parti démocratique,NDP
Quebec/Québec,Saint-Hyacinthe--Bagot,24066,102693,83254,254,53031,97.4,1439,2.6,54470,65.4,Bloc Québécois,Bloc Québécois
Quebec/Québec,Saint-Jean,24067,111190,92169,257,59210,97.5,1527,2.5,60737,65.9,Bloc Québécois,Bloc Québécois
Quebec/Québec,Saint-Laurent,24068,98828,66342,168,37317,98.3,642,1.7,37959,57.2,Libéral,Liberal
Quebec/Québec,Saint-Léonard--Saint-Michel,24069,113212,74481,199,41814,97.9,890,2.1,42704,57.3,Libéral,Liberal
Quebec/Québec,Saint-Maurice--Champlain,24070,110264,93769,289,56337,97.6,1379,2.4,57716,61.6,Libéral,Liberal
Quebec/Québec,Salaberry--Suroît,24071,112826,99516,300,60865,97.8,1355,2.2,62220,62.5,Bloc Québécois,Bloc Québécois
Quebec/Québec,Shefford,24072,111139,93696,294,59626,97.7,1409,2.3,61035,65.1,Bloc Québécois,Bloc Québécois
Quebec/Québec,Sherbrooke,24073,111176,91422,249,58185,97.7,1355,2.3,59540,65.1,Libéral,Liberal
Quebec/Québec,Terrebonne,24075,111575,91028,205,58949,97.8,1355,2.2,60304,66.2,Bloc Québécois,Bloc Québécois
Quebec/Québec,Thérèse-De Blainville,24013,101840,83453,222,52288,98.3,915,1.7,53203,63.8,Bloc Québécois,Bloc Québécois
Quebec/Québec,Trois-Rivières,24076,110515,92413,243,58110,98,1214,2,59324,64.2,Bloc Québécois,Bloc Québécois
Quebec/Québec,Vaudreuil--Soulanges,24074,119227,98386,262,64564,98.1,1233,1.9,65797,66.9,Libéral,Liberal
Quebec/Québec,Ville-Marie--Le Sud-Ouest--Île-des-Soeurs,24077,114659,88878,217,49423,98.6,689,1.4,50112,56.4,Libéral,Liberal
Quebec/Québec,Vimy,24078,111867,88413,239,50862,97.8,1149,2.2,52011,58.8,Libéral,Liberal
Ontario,Ajax,35001,119677,92945,135,49758,99,525,1,50283,54.1,Libéral,Liberal
Ontario,Algoma--Manitoulin--Kapuskasing,35002,79483,66921,218,39523,99.3,291,0.7,39814,59.5,NPD-Nouveau Parti démocratique,NDP
Ontario,Aurora--Oak Ridges--Richmond Hill,35003,115227,84133,148,45896,98.9,509,1.1,46405,55.2,Libéral,Liberal
Ontario,Barrie--Innisfil,35004,109286,90212,173,52935,99.2,433,0.8,53368,59.2,Conservateur,Conservative
Ontario,Barrie--Springwater--Oro-Medonte,35005,100788,82821,199,52239,99.1,480,0.9,52719,63.7,Conservateur,Conservative
Ontario,Bay of Quinte/Baie de Quinte,35006,109735,95773,215,61700,99.3,405,0.7,62105,64.8,Conservateur,Conservative
Ontario,Beaches--East York,35007,109468,79273,170,51116,99.3,340,0.7,51456,64.9,Libéral,Liberal
Ontario,Brampton Centre/Brampton-Centre,35008,102270,64042,187,33971,98.6,488,1.4,34459,53.8,Libéral,Liberal
Ontario,Brampton East/Brampton-Est,35009,122000,77261,199,41351,99,436,1,41787,54.1,Libéral,Liberal
Ontario,Brampton North/Brampton-Nord,35010,118180,75186,198,43149,98.9,471,1.1,43620,58,Libéral,Liberal
Ontario,Brampton South/Brampton-Sud,35011,121188,76330,203,41430,98.8,503,1.2,41933,54.9,Libéral,Liberal
Ontario,Brampton West/Brampton-Ouest,35012,130000,87154,199,46609,99.2,390,0.8,46999,53.9,Libéral,Liberal
Ontario,Brantford--Brant,35013,130296,111520,241,66122,99.4,393,0.6,66515,59.6,Conservateur,Conservative
Ontario,Bruce--Grey--Owen Sound,35014,107679,91757,248,58414,99.3,394,0.7,58808,64.1,Conservateur,Conservative
Ontario,Burlington,35015,123180,99765,242,69105,99.4,424,0.6,69529,69.7,Libéral,Liberal
Ontario,Cambridge,35016,115463,90298,219,54852,99.4,335,0.6,55187,61.1,Libéral,Liberal
Ontario,Carleton,35088,102918,95813,226,70873,99.4,447,0.6,71320,74.4,Conservateur,Conservative
Ontario,Chatham-Kent--Leamington,35017,109619,87011,268,54854,99.3,400,0.7,55254,63.5,Conservateur,Conservative
Ontario,Davenport,35018,108473,78167,171,47307,99.1,429,0.9,47736,61.1,Libéral,Liberal
Ontario,Don Valley East/Don Valley-Est,35019,94579,64206,142,37325,98.8,470,1.2,37795,58.9,Libéral,Liberal
Ontario,Don Valley North/Don Valley-Nord,35020,110076,74038,114,40535,99.1,355,0.9,40890,55.2,Libéral,Liberal
Ontario,Don Valley West/Don Valley-Ouest,35021,102508,71385,123,47014,99.2,363,0.8,47377,66.4,Libéral,Liberal
Ontario,Dufferin--Caledon,35022,128237,108375,216,65573,99.4,398,0.6,65971,60.9,Conservateur,Conservative
Ontario,Durham,35023,130872,111428,215,67730,99.3,455,0.7,68185,61.2,Conservateur,Conservative
Ontario,Eglinton--Lawrence,35024,114395,81074,106,49611,99,479,1,50090,61.8,Libéral,Liberal
Ontario,Elgin--Middlesex--London,35025,115052,97732,179,63058,99.5,338,0.5,63396,64.9,Conservateur,Conservative
Ontario,Essex,35026,125442,105753,249,69976,99.4,406,0.6,70382,66.6,Conservateur,Conservative
Ontario,Etobicoke Centre/Etobicoke-Centre,35027,118022,90846,230,57550,99,567,1,58117,64,Libéral,Liberal
Ontario,Etobicoke North/Etobicoke-Nord,35029,118040,71958,180,35564,98.6,494,1.4,36058,50.1,Libéral,Liberal
Ontario,Etobicoke--Lakeshore,35028,129081,102792,257,64065,99.4,397,0.6,64462,62.7,Libéral,Liberal
Ontario,Flamborough--Glanbrook,35030,111065,92428,172,60069,99.3,439,0.7,60508,65.5,Conservateur,Conservative
Ontario,Glengarry--Prescott--Russell,35031,109975,95685,261,65907,98.7,901,1.3,66808,69.8,Libéral,Liberal
Ontario,Guelph,35032,131794,107980,244,69771,99.4,434,0.6,70205,65,Libéral,Liberal
Ontario,Haldimand--Norfolk,35033,109652,94259,260,62592,99.3,425,0.7,63017,66.9,Conservateur,Conservative
Ontario,Haliburton--Kawartha Lakes--Brock,35034,113956,103030,260,67721,99.3,493,0.7,68214,66.2,Conservateur,Conservative
Ontario,Hamilton Centre/Hamilton-Centre,35035,100103,74721,189,41280,99.2,351,0.8,41631,55.7,NPD-Nouveau Parti démocratique,NDP
Ontario,Hamilton East--Stoney Creek/Hamilton-Est--Stoney Creek,35036,107848,84993,195,49793,99,520,1,50313,59.2,Libéral,Liberal
Ontario,Hamilton Mountain,35037,104877,80916,153,48460,99.1,419,0.9,48879,60.4,Libéral,Liberal
Ontario,Hamilton West--Ancaster--Dundas/Hamilton-Ouest--Ancaster--Dundas,35038,113024,91137,250,62821,99.4,387,0.6,63208,69.4,Libéral,Liberal
Ontario,Hastings--Lennox and Addington,35039,94333,83537,201,54667,99.5,296,0.5,54963,65.8,Conservateur,Conservative
Ontario,Humber River--Black Creek,35121,108037,66934,166,32187,98.3,562,1.7,32749,48.9,Libéral,Liberal
Ontario,Huron--Bruce,35040,106570,88286,270,61197,99.4,357,0.6,61554,69.7,Conservateur,Conservative
Ontario,Kanata--Carleton,35041,110960,86505,236,63156,99.4,372,0.6,63528,73.4,Libéral,Liberal
Ontario,Kenora,35042,62556,46382,148,26083,99.5,118,0.5,26201,56.5,Conservateur,Conservative
Ontario,King--Vaughan,35043,131995,102808,143,49995,99.2,385,0.8,50380,49,Conservateur,Conservative
Ontario,Kingston and the Islands/Kingston et les Îles,35044,117543,101401,263,67505,99.3,445,0.7,67950,67,Libéral,Liberal
Ontario,Kitchener Centre/Kitchener-Centre,35045,105258,82639,214,51179,99,525,1,51704,62.6,Parti Vert,Green
Ontario,Kitchener South--Hespeler/Kitchener-Sud--Hespeler,35047,105309,81082,194,49654,99.1,474,0.9,50128,61.8,Libéral,Liberal
Ontario,Kitchener--Conestoga,35046,100709,75316,195,50953,99.4,290,0.6,51243,68,Libéral,Liberal
Ontario,Lambton--Kent--Middlesex,35048,105331,91655,244,60692,99.3,439,0.7,61131,66.7,Conservateur,Conservative
Ontario,Lanark--Frontenac--Kingston,35049,101630,90814,262,62911,99.3,435,0.7,63346,69.8,Conservateur,Conservative
Ontario,Leeds--Grenville--Thousand Islands and Rideau Lakes/Leeds--Grenville--Thousand Islands et Rideau Lakes,35050,100546,87508,250,59276,99.4,380,0.6,59656,68.2,Conservateur,Conservative
Ontario,London North Centre/London-Centre-Nord,35052,125362,98392,185,58620,99.2,460,0.8,59080,60,Libéral,Liberal
Ontario,London West/London-Ouest,35053,126110,101388,233,68621,99.3,517,0.7,69138,68.2,Libéral,Liberal
Ontario,London--Fanshawe,35051,119467,92165,237,51422,99,511,1,51933,56.3,NPD-Nouveau Parti démocratique,NDP
Ontario,Markham--Stouffville,35054,126064,96687,168,58392,99.2,459,0.8,58851,60.9,Libéral,Liberal
Ontario,Markham--Thornhill,35055,99078,70057,158,38528,99,398,1,38926,55.6,Libéral,Liberal
Ontario,Markham--Unionville,35056,123318,87775,176,45224,99,452,1,45676,52,Libéral,Liberal
Ontario,Milton,35057,114093,89152,194,55386,99.4,325,0.6,55711,62.5,Libéral,Liberal
Ontario,Mississauga Centre/Mississauga-Centre,35058,124849,85779,231,47431,99,462,1,47893,55.8,Libéral,Liberal
Ontario,Mississauga East--Cooksville/Mississauga-Est--Cooksville,35059,120205,82886,224,45575,99.2,383,0.8,45958,55.4,Libéral,Liberal
Ontario,Mississauga--Erin Mills,35060,122560,87383,184,50672,99.3,379,0.7,51051,58.4,Libéral,Liberal
Ontario,Mississauga--Lakeshore,35061,117444,89017,252,56259,99.1,524,0.9,56783,63.8,Libéral,Liberal
Ontario,Mississauga--Malton,35062,118240,77208,190,41248,99,435,1,41683,54,Libéral,Liberal
Ontario,Mississauga--Streetsville,35063,118301,85853,212,50124,99.3,333,0.7,50457,58.8,Libéral,Liberal
Ontario,Nepean,35064,119110,93728,233,65748,99.4,419,0.6,66167,70.6,Libéral,Liberal
Ontario,Newmarket--Aurora,35065,117418,91610,180,55290,99.3,372,0.7,55662,60.8,Libéral,Liberal
Ontario,Niagara Centre/Niagara-Centre,35066,109067,94206,220,58779,99.3,437,0.7,59216,62.9,Libéral,Liberal
Ontario,Niagara Falls,35067,136292,115159,241,70649,99.1,646,0.9,71295,61.9,Conservateur,Conservative
Ontario,Niagara West/Niagara-Ouest,35068,90838,77600,190,55277,99.6,217,0.4,55494,71.5,Conservateur,Conservative
Ontario,Nickel Belt,35069,93772,78267,208,49321,99.3,364,0.7,49685,63.5,Libéral,Liberal
Ontario,Nipissing--Timiskaming,35070,88813,76316,189,47496,99.3,337,0.7,47833,62.7,Libéral,Liberal
Ontario,Northumberland--Peterborough South/Northumberland--Peterborough-Sud,35071,112412,100654,298,69737,99.3,459,0.7,70196,69.7,Conservateur,Conservative
Ontario,Oakville,35072,120923,89441,253,61000,99.5,330,0.5,61330,68.6,Libéral,Liberal
Ontario,Oakville North--Burlington/Oakville-Nord--Burlington,35073,129078,99538,201,66023,99.2,533,0.8,66556,66.9,Libéral,Liberal
Ontario,Orléans,35076,128281,106582,236,75283,99.1,658,0.9,75941,71.3,Libéral,Liberal
Ontario,Oshawa,35074,126764,100987,139,56425,99.3,417,0.7,56842,56.3,Conservateur,Conservative
Ontario,Ottawa Centre/Ottawa-Centre,35075,118038,100004,261,74341,99.3,497,0.7,74838,74.8,Libéral,Liberal
Ontario,Ottawa South/Ottawa-Sud,35077,121058,90681,218,59492,99,575,1,60067,66.2,Libéral,Liberal
Ontario,Ottawa West--Nepean/Ottawa-Ouest--Nepean,35079,111837,84972,218,57402,99.2,447,0.8,57849,68.1,Libéral,Liberal
Ontario,Ottawa--Vanier,35078,111508,90703,254,58031,99,576,1,58607,64.6,Libéral,Liberal
Ontario,Oxford,35080,113790,96055,252,61948,99.4,379,0.6,62327,64.9,Conservateur,Conservative
Ontario,Parkdale--High Park,35081,108805,80569,193,52543,99.4,297,0.6,52840,65.6,Libéral,Liberal
Ontario,Parry Sound--Muskoka,35082,94398,86277,232,55500,99.5,299,0.5,55799,64.7,Conservateur,Conservative
Ontario,Perth--Wellington,35083,107908,85345,203,55577,99.3,380,0.7,55957,65.6,Conservateur,Conservative
Ontario,Peterborough--Kawartha,35084,118176,102053,287,70212,99.4,395,0.6,70607,69.2,Conservateur,Conservative
Ontario,Pickering--Uxbridge,35085,112947,94124,159,58167,99.5,302,0.5,58469,62.1,Libéral,Liberal
Ontario,Renfrew--Nipissing--Pembroke,35086,103495,88637,257,58518,99.2,459,0.8,58977,66.5,Conservateur,Conservative
Ontario,Richmond Hill,35087,110177,83198,225,45662,98.8,543,1.2,46205,55.5,Libéral,Liberal
Ontario,St. Catharines,35089,111691,91010,224,58332,99.4,377,0.6,58709,64.5,Libéral,Liberal
Ontario,Sarnia--Lambton,35091,105337,85439,176,56899,99.4,346,0.6,57245,67,Conservateur,Conservative
Ontario,Sault Ste. Marie,35092,80371,66439,182,40179,99.3,281,0.7,40460,60.9,Libéral,Liberal
Ontario,Scarborough Centre/Scarborough-Centre,35094,112603,74304,131,40161,99,425,1,40586,54.6,Libéral,Liberal
Ontario,Scarborough North/Scarborough-Nord,35096,98800,63797,103,31815,99,337,1,32152,50.4,Libéral,Liberal
Ontario,Scarborough Southwest/Scarborough-Sud-Ouest,35098,110278,76558,110,43172,99.3,325,0.7,43497,56.8,Libéral,Liberal
Ontario,Scarborough--Agincourt,35093,105542,70055,133,36630,98.9,422,1.1,37052,52.9,Libéral,Liberal
Ontario,Scarborough--Guildwood,35095,102386,66314,186,37550,98.6,548,1.4,38098,57.5,Libéral,Liberal
Ontario,Scarborough--Rouge Park,35097,102275,75469,196,45720,99.2,350,0.8,46070,61,Libéral,Liberal
Ontario,Simcoe North/Simcoe-Nord,35100,111332,101316,279,63608,99.5,294,0.5,63902,63.1,Conservateur,Conservative
Ontario,Simcoe--Grey,35099,129944,121333,234,76610,99.4,436,0.6,77046,63.5,Conservateur,Conservative
Ontario,Spadina--Fort York,35101,115506,91355,127,48821,99.3,350,0.7,49171,53.8,Libéral,Liberal
Ontario,Stormont--Dundas--South Glengarry,35102,103320,85816,248,52653,99,547,1,53200,62,Conservateur,Conservative
Ontario,Sudbury,35103,91532,75123,218,45973,99.3,313,0.7,46286,61.6,Libéral,Liberal
Ontario,Thornhill,35104,112719,85690,178,50062,99.2,390,0.8,50452,58.9,Conservateur,Conservative
Ontario,Thunder Bay--Rainy River,35105,82805,65669,196,39860,99.2,308,0.8,40168,61.2,Libéral,Liberal
Ontario,Thunder Bay--Superior North/Thunder Bay--Supérieur-Nord,35106,82651,66311,215,41483,99.3,311,0.7,41794,63,Libéral,Liberal
Ontario,Timmins--James Bay/Timmins--Baie James,35107,83257,63431,174,34570,99,355,1,34925,55.1,NPD-Nouveau Parti démocratique,NDP
Ontario,Toronto Centre/Toronto-Centre,35108,103805,81549,135,45817,99.2,366,0.8,46183,56.6,Libéral,Liberal
Ontario,Toronto--Danforth,35109,106875,80166,117,52142,99.4,335,0.6,52477,65.5,Libéral,Liberal
Ontario,Toronto--St. Paul's,35090,107900,82891,152,53698,98.9,580,1.1,54278,65.5,Libéral,Liberal
Ontario,University--Rosedale,35110,104311,78886,76,47235,99.1,420,0.9,47655,60.4,Libéral,Liberal
Ontario,Vaughan--Woodbridge,35111,105228,81177,201,47162,99,460,1,47622,58.7,Libéral,Liberal
Ontario,Waterloo,35112,110134,89022,210,59654,99.4,353,0.6,60007,67.4,Libéral,Liberal
Ontario,Wellington--Halton Hills,35113,120981,101133,238,67656,99.3,448,0.7,68104,67.3,Conservateur,Conservative
Ontario,Whitby,35114,128377,101408,160,62066,99.5,332,0.5,62398,61.5,Libéral,Liberal
Ontario,Willowdale,35115,118801,76164,167,41104,99.1,383,0.9,41487,54.5,Libéral,Liberal
Ontario,Windsor West/Windsor-Ouest,35117,122988,92656,234,48693,99,504,1,49197,53.1,NPD-Nouveau Parti démocratique,NDP
Ontario,Windsor--Tecumseh,35116,117429,94935,242,56977,99.1,500,0.9,57477,60.5,Libéral,Liberal
Ontario,York Centre/York-Centre,35118,104319,70012,141,36858,98.6,507,1.4,37365,53.4,Libéral,Liberal
Ontario,York South--Weston/York-Sud--Weston,35120,116686,76960,201,38570,99,404,1,38974,50.6,Libéral,Liberal
Ontario,York--Simcoe,35119,104010,93620,117,49831,99.1,466,0.9,50297,53.7,Conservateur,Conservative
Manitoba,Brandon--Souris,46001,88170,62384,186,38160,99.4,224,0.6,38384,61.5,Conservateur,Conservative
Manitoba,Charleswood--St. James--Assiniboia--Headingley,46002,82574,65769,166,45277,99.4,296,0.6,45573,69.3,Conservateur,Conservative
Manitoba,Churchill--Keewatinook Aski,46003,87027,50615,155,17927,98.8,210,1.2,18137,35.8,NPD-Nouveau Parti démocratique,NDP
Manitoba,Dauphin--Swan River--Neepawa,46004,87527,63200,290,38514,99.4,226,0.6,38740,61.3,Conservateur,Conservative
Manitoba,Elmwood--Transcona,46005,92738,70701,186,41839,99.3,314,0.7,42153,59.6,NPD-Nouveau Parti démocratique,NDP
Manitoba,Kildonan--St. Paul,46006,84077,67292,201,43947,99.2,337,0.8,44284,65.8,Conservateur,Conservative
Manitoba,Portage--Lisgar,46007,97354,68991,238,45356,99.3,341,0.7,45697,66.2,Conservateur,Conservative
Manitoba,Provencher,46008,99946,75492,220,49901,99.3,355,0.7,50256,66.6,Conservateur,Conservative
Manitoba,Saint Boniface--Saint Vital/Saint-Boniface--Saint-Vital,46009,89818,69465,183,45469,99.2,379,0.8,45848,66,Libéral,Liberal
Manitoba,Selkirk--Interlake--Eastman,46010,94778,76375,310,49607,99.3,363,0.7,49970,65.4,Conservateur,Conservative
Manitoba,Winnipeg Centre/Winnipeg-Centre,46011,85949,57993,179,29749,98.8,365,1.2,30114,51.9,NPD-Nouveau Parti démocratique,NDP
Manitoba,Winnipeg North/Winnipeg-Nord,46012,95676,62808,175,31408,99.1,287,0.9,31695,50.5,Libéral,Liberal
Manitoba,Winnipeg South/Winnipeg-Sud,46013,99678,70250,180,47245,99.3,346,0.7,47591,67.7,Libéral,Liberal
Manitoba,Winnipeg South Centre/Winnipeg-Centre-Sud,46014,93053,70592,199,48771,99.3,364,0.7,49135,69.6,Libéral,Liberal
Saskatchewan,Battlefords--Lloydminster,47001,73506,51150,135,31048,99.4,182,0.6,31230,61.1,Conservateur,Conservative
Saskatchewan,Carlton Trail--Eagle Creek/Sentier Carlton--Eagle Creek,47004,80662,59577,189,41089,99.5,189,0.5,41278,69.3,Conservateur,Conservative
Saskatchewan,Cypress Hills--Grasslands,47002,68353,50254,180,34277,99.6,145,0.4,34422,68.5,Conservateur,Conservative
Saskatchewan,Desnethé--Missinippi--Churchill River/Desnethé--Missinippi--Rivière Churchill,47003,70891,47426,154,20574,99.4,127,0.6,20701,43.6,Conservateur,Conservative
Saskatchewan,Moose Jaw--Lake Centre--Lanigan,47005,79733,59868,199,41184,99.5,206,0.5,41390,69.1,Conservateur,Conservative
Saskatchewan,Prince Albert,47006,79625,58142,196,34425,99.5,161,0.5,34586,59.5,Conservateur,Conservative
Saskatchewan,Regina--Lewvan,47007,92426,68410,214,45643,99.6,179,0.4,45822,67,Conservateur,Conservative
Saskatchewan,Regina--Qu'Appelle,47008,76017,55938,177,32959,99.2,254,0.8,33213,59.4,Conservateur,Conservative
Saskatchewan,Regina--Wascana,47009,84153,61030,173,38600,99.3,291,0.7,38891,63.7,Conservateur,Conservative
Saskatchewan,Saskatoon West/Saskatoon-Ouest,47012,83711,61520,166,33906,99.2,284,0.8,34190,55.6,Conservateur,Conservative
Saskatchewan,Saskatoon--Grasswood,47010,82946,67231,193,45604,99.3,303,0.7,45907,68.3,Conservateur,Conservative
Saskatchewan,Saskatoon--University,47011,82663,62575,169,42517,99.3,294,0.7,42811,68.4,Conservateur,Conservative
Saskatchewan,Souris--Moose Mountain,47013,72635,51918,213,39340,99.3,285,0.7,39625,76.3,Conservateur,Conservative
Saskatchewan,Yorkton--Melville,47014,71031,53136,194,34658,99.5,189,0.5,34847,65.6,Conservateur,Conservative
Alberta,Banff--Airdrie,48001,135762,112509,298,76988,99.5,396,0.5,77384,68.8,Conservateur,Conservative
Alberta,Battle River--Crowfoot,48002,110223,82090,250,58660,99.6,260,0.4,58920,71.8,Conservateur,Conservative
Alberta,Bow River,48003,115022,82243,222,51138,99.4,300,0.6,51438,62.5,Conservateur,Conservative
Alberta,Calgary Centre/Calgary-Centre,48004,119176,95190,226,59208,99.1,509,0.9,59717,62.7,Conservateur,Conservative
Alberta,Calgary Confederation,48005,122023,91983,258,61631,99.4,369,0.6,62000,67.4,Conservateur,Conservative
Alberta,Calgary Forest Lawn,48006,111830,73174,200,34648,98.7,442,1.3,35090,48,Conservateur,Conservative
Alberta,Calgary Heritage,48007,112087,81375,198,53542,99.4,313,0.6,53855,66.2,Conservateur,Conservative
Alberta,Calgary Midnapore,48008,121844,95798,244,64530,99.5,355,0.5,64885,67.7,Conservateur,Conservative
Alberta,Calgary Nose Hill,48009,115795,83037,186,50393,99.4,321,0.6,50714,61.1,Conservateur,Conservative
Alberta,Calgary Rocky Ridge,48010,131823,100354,225,66084,99.4,390,0.6,66474,66.2,Conservateur,Conservative
Alberta,Calgary Shepard,48011,147520,115565,283,73559,99.4,416,0.6,73975,64,Conservateur,Conservative
Alberta,Calgary Signal Hill,48012,121392,89020,237,59707,99.4,332,0.6,60039,67.4,Conservateur,Conservative
Alberta,Calgary Skyview,48013,135730,87956,217,47433,99,502,1,47935,54.5,Libéral,Liberal
Alberta,Edmonton Centre/Edmonton-Centre,48014,109941,79203,207,49148,99.3,342,0.7,49490,62.5,Libéral,Liberal
Alberta,Edmonton Griesbach,48015,112287,81685,230,43059,98.9,495,1.1,43554,53.3,NPD-Nouveau Parti démocratique,NDP
Alberta,Edmonton Manning,48016,121048,90163,171,49226,99.1,429,0.9,49655,55.1,Conservateur,Conservative
Alberta,Edmonton Mill Woods,48017,118561,77695,196,48514,99.2,380,0.8,48894,62.9,Conservateur,Conservative
Alberta,Edmonton Riverbend,48018,120863,86420,184,56928,99.5,312,0.5,57240,66.2,Conservateur,Conservative
Alberta,Edmonton Strathcona,48019,106066,76037,214,52223,99.4,317,0.6,52540,69.1,NPD-Nouveau Parti démocratique,NDP
Alberta,Edmonton West/Edmonton-Ouest,48020,121869,91388,187,55989,99.5,302,0.5,56291,61.6,Conservateur,Conservative
Alberta,Edmonton--Wetaskiwin,48021,158749,133800,266,86843,99.3,576,0.7,87419,65.3,Conservateur,Conservative
Alberta,Foothills,48022,113227,89956,262,64216,99.6,251,0.4,64467,71.7,Conservateur,Conservative
Alberta,Fort McMurray--Cold Lake,48023,110230,77398,228,43150,99.2,327,0.8,43477,56.2,Conservateur,Conservative
Alberta,Grande Prairie--Mackenzie,48024,117327,84343,237,53140,99.4,315,0.6,53455,63.4,Conservateur,Conservative
Alberta,Lakeland,48025,108451,79059,264,52651,99.6,229,0.4,52880,66.9,Conservateur,Conservative
Alberta,Lethbridge,48026,117394,90847,253,58973,99.5,282,0.5,59255,65.2,Conservateur,Conservative
Alberta,Medicine Hat--Cardston--Warner,48027,106896,79992,226,48414,99.4,274,0.6,48688,60.9,Conservateur,Conservative
Alberta,Peace River--Westlock,48028,109965,75685,240,46789,99.6,198,0.4,46987,62.1,Conservateur,Conservative
Alberta,Red Deer--Lacombe,48030,128786,95567,268,61979,99.4,348,0.6,62327,65.2,Conservateur,Conservative
Alberta,Red Deer--Mountain View,48029,119019,90474,261,63320,99.6,278,0.4,63598,70.3,Conservateur,Conservative
Alberta,St. Albert--Edmonton,48031,121313,94889,246,62340,99.5,338,0.5,62678,66.1,Conservateur,Conservative
Alberta,Sherwood Park--Fort Saskatchewan,48032,122193,97600,266,71398,99.6,298,0.4,71696,73.5,Conservateur,Conservative
Alberta,Sturgeon River--Parkland,48033,120784,95719,258,66476,99.5,331,0.5,66807,69.8,Conservateur,Conservative
Alberta,Yellowhead,48034,101979,75205,233,50792,99.4,294,0.6,51086,67.9,Conservateur,Conservative
British Columbia/Colombie-Britannique,Abbotsford,59001,101814,76429,160,45050,99.2,370,0.8,45420,59.4,Conservateur,Conservative
British Columbia/Colombie-Britannique,Burnaby North--Seymour/Burnaby-Nord--Seymour,59002,102486,79852,189,49184,99.4,273,0.6,49457,61.9,Libéral,Liberal
British Columbia/Colombie-Britannique,Burnaby South/Burnaby-Sud,59003,111973,80092,189,40608,99.3,291,0.7,40899,51.1,NPD-Nouveau Parti démocratique,NDP
British Columbia/Colombie-Britannique,Cariboo--Prince George,59004,108907,85636,231,50713,99.5,267,0.5,50980,59.5,Conservateur,Conservative
British Columbia/Colombie-Britannique,Central Okanagan--Similkameen--Nicola,59005,110293,100229,245,64210,99.3,466,0.7,64676,64.5,Conservateur,Conservative
British Columbia/Colombie-Britannique,Chilliwack--Hope,59006,100126,85809,211,52160,99.5,250,0.5,52410,61.1,Conservateur,Conservative
British Columbia/Colombie-Britannique,Cloverdale--Langley City,59007,117640,88348,200,53250,99.1,508,0.9,53758,60.8,Libéral,Liberal
British Columbia/Colombie-Britannique,Coquitlam--Port Coquitlam,59008,123576,93787,217,55716,99.3,402,0.7,56118,59.8,Libéral,Liberal
British Columbia/Colombie-Britannique,Courtenay--Alberni,59009,114647,106293,267,69250,99.7,215,0.3,69465,65.4,NPD-Nouveau Parti démocratique,NDP
British Columbia/Colombie-Britannique,Cowichan--Malahat--Langford,59010,108052,99024,247,63032,99.5,306,0.5,63338,64,NPD-Nouveau Parti démocratique,NDP
British Columbia/Colombie-Britannique,Delta,59011,103064,78282,179,52305,99.4,300,0.6,52605,67.2,Libéral,Liberal
British Columbia/Colombie-Britannique,Esquimalt--Saanich--Sooke,59026,120834,103129,239,65542,99.1,565,0.9,66107,64.1,NPD-Nouveau Parti démocratique,NDP
British Columbia/Colombie-Britannique,Fleetwood--Port Kells,59012,116958,81024,208,47185,99.1,417,0.9,47602,58.8,Libéral,Liberal
British Columbia/Colombie-Britannique,Kamloops--Thompson--Cariboo,59013,124358,107548,295,70448,99.5,324,0.5,70772,65.8,Conservateur,Conservative
British Columbia/Colombie-Britannique,Kelowna--Lake Country,59014,119388,106585,231,67142,99.5,346,0.5,67488,63.3,Conservateur,Conservative
British Columbia/Colombie-Britannique,Kootenay--Columbia,59015,112354,96079,264,64965,99.5,317,0.5,65282,67.9,Conservateur,Conservative
British Columbia/Colombie-Britannique,Langley--Aldergrove,59016,117017,97353,217,62635,99.5,312,0.5,62947,64.7,Conservateur,Conservative
British Columbia/Colombie-Britannique,Mission--Matsqui--Fraser Canyon,59017,94825,71078,178,43175,99.3,302,0.7,43477,61.2,Conservateur,Conservative
British Columbia/Colombie-Britannique,Nanaimo--Ladysmith,59018,122710,108490,263,68765,99.6,277,0.4,69042,63.6,NPD-Nouveau Parti démocratique,NDP
British Columbia/Colombie-Britannique,New Westminster--Burnaby,59019,115340,87509,185,49324,99.1,462,0.9,49786,56.9,NPD-Nouveau Parti démocratique,NDP
British Columbia/Colombie-Britannique,North Island--Powell River,59037,105466,93163,252,60263,99.3,421,0.7,60684,65.1,NPD-Nouveau Parti démocratique,NDP
British Columbia/Colombie-Britannique,North Okanagan--Shuswap,59020,124605,112329,306,72397,99.5,372,0.5,72769,64.8,Conservateur,Conservative
British Columbia/Colombie-Britannique,North Vancouver,59021,115344,90437,213,59320,99.4,383,0.6,59703,66,Libéral,Liberal
British Columbia/Colombie-Britannique,Pitt Meadows--Maple Ridge,59022,101101,82786,179,52833,99.5,278,0.5,53111,64.2,Conservateur,Conservative
British Columbia/Colombie-Britannique,Port Moody--Coquitlam,59023,110817,84028,204,52091,99.2,428,0.8,52519,62.5,NPD-Nouveau Parti démocratique,NDP
British Columbia/Colombie-Britannique,Prince George--Peace River--Northern Rockies,59024,110995,80724,222,49197,99.1,430,0.9,49627,61.5,Conservateur,Conservative
British Columbia/Colombie-Britannique,Richmond Centre/Richmond-Centre,59025,98396,74710,183,34161,99,340,1,34501,46.2,Libéral,Liberal
British Columbia/Colombie-Britannique,Saanich--Gulf Islands,59027,107339,94293,234,65522,99.4,374,0.6,65896,69.9,Parti Vert,Green
British Columbia/Colombie-Britannique,Skeena--Bulkley Valley,59028,88920,68088,222,37391,99.5,193,0.5,37584,55.2,NPD-Nouveau Parti démocratique,NDP
British Columbia/Colombie-Britannique,South Okanagan--West Kootenay/Okanagan-Sud--Kootenay-Ouest,59029,114695,103310,285,66780,99.4,434,0.6,67214,65.1,NPD-Nouveau Parti démocratique,NDP
British Columbia/Colombie-Britannique,South Surrey--White Rock/Surrey-Sud--White Rock,59030,104051,88281,215,56905,99.4,340,0.6,57245,64.8,Conservateur,Conservative
British Columbia/Colombie-Britannique,Steveston--Richmond East/Steveston--Richmond-Est,59031,99913,74641,186,38949,99.1,363,0.9,39312,52.7,Libéral,Liberal
British Columbia/Colombie-Britannique,Surrey Centre/Surrey-Centre,59032,120172,75657,161,38386,98.7,510,1.3,38896,51.4,Libéral,Liberal
British Columbia/Colombie-Britannique,Surrey--Newton,59033,114605,65973,163,36610,98.9,404,1.1,37014,56.1,Libéral,Liberal
British Columbia/Colombie-Britannique,Vancouver Centre/Vancouver-Centre,59034,116443,91864,227,51617,99.2,422,0.8,52039,56.6,Libéral,Liberal
British Columbia/Colombie-Britannique,Vancouver East/Vancouver-Est,59035,115724,91371,231,49591,98.9,528,1.1,50119,54.9,NPD-Nouveau Parti démocratique,NDP
British Columbia/Colombie-Britannique,Vancouver Granville,59036,103456,82491,201,49560,99.3,331,0.7,49891,60.5,Libéral,Liberal
British Columbia/Colombie-Britannique,Vancouver Kingsway,59038,104870,75060,163,40158,99.2,324,0.8,40482,53.9,NPD-Nouveau Parti démocratique,NDP
British Columbia/Colombie-Britannique,Vancouver Quadra,59039,105608,76613,166,47705,99.4,291,0.6,47996,62.6,Libéral,Liberal
British Columbia/Colombie-Britannique,Vancouver South/Vancouver-Sud,59040,102927,74785,200,40283,98.8,493,1.2,40776,54.5,Libéral,Liberal
British Columbia/Colombie-Britannique,Victoria,59041,117133,101151,232,66748,99.3,468,0.7,67216,66.5,NPD-Nouveau Parti démocratique,NDP
British Columbia/Colombie-Britannique,West Vancouver--Sunshine Coast--Sea to Sky Country,59042,119113,98717,256,63459,99.6,279,0.4,63738,64.6,Libéral,Liberal
Yukon,Yukon,60001,35874,30482,88,19406,99.3,142,0.7,19548,64.1,Libéral,Liberal
Northwest Territories/Territoires du Nord-Ouest,Northwest Territories/Territoires du Nord-Ouest,61001,41786,30519,101,14095,98.9,155,1.1,14250,46.7,Libéral,Liberal
Nunavut,Nunavut,62001,35944,21499,64,7189,98.9,78,1.1,7267,33.8,NPD-Nouveau Parti démocratique,NDP
